Age,sex,sbp,sbp_lb,sbp_ub,bpmed,bpmed_lb,bpmed_ub,tchol,tchol_lb,tchol_ub,hdl,hdl_lb,hdl_ub,smk,smk_lb,smk_ub,dm,dm_lb,dm_ub,s0
40,1,1.40,1.19,1.64,1.74,1.45,2.09,1.65,1.41,1.92,0.58,0.50,0.68,3.59,2.61,4.95,2.25,1.76,2.89,0.9868528842926030
41,1,1.48,1.28,1.70,1.74,1.48,2.05,1.66,1.44,1.91,0.65,0.56,0.75,4.15,3.08,5.58,2.03,1.61,2.56,0.9852674007415770
42,1,1.52,1.34,1.74,1.77,1.53,2.06,1.54,1.35,1.76,0.67,0.58,0.77,4.87,3.71,6.40,1.98,1.60,2.46,0.9846294522285460
43,1,1.47,1.30,1.66,1.73,1.51,1.99,1.52,1.33,1.73,0.65,0.57,0.74,4.89,3.80,6.31,1.80,1.47,2.21,0.9838059544563290
44,1,1.49,1.33,1.67,1.80,1.58,2.04,1.41,1.24,1.60,0.70,0.62,0.79,5.02,3.96,6.35,1.59,1.29,1.94,0.9821601510047910
45,1,1.43,1.29,1.59,1.88,1.67,2.12,1.43,1.26,1.61,0.69,0.61,0.77,4.02,3.24,5.00,1.41,1.16,1.72,0.9790837168693540
46,1,1.34,1.22,1.48,1.84,1.65,2.06,1.59,1.42,1.78,0.65,0.58,0.72,3.73,3.05,4.56,1.49,1.24,1.79,0.9780072569847110
47,1,1.34,1.22,1.47,1.67,1.50,1.85,1.55,1.39,1.72,0.68,0.61,0.75,3.62,3.01,4.37,1.61,1.37,1.89,0.9735838174819950
48,1,1.31,1.20,1.43,1.70,1.54,1.88,1.55,1.40,1.72,0.70,0.64,0.77,3.74,3.14,4.47,1.72,1.48,2.00,0.9727702736854550
49,1,1.37,1.26,1.48,1.71,1.55,1.87,1.49,1.35,1.64,0.73,0.67,0.80,3.73,3.16,4.41,1.57,1.36,1.82,0.9683646559715270
50,1,1.26,1.17,1.36,1.71,1.56,1.87,1.47,1.34,1.61,0.70,0.64,0.76,3.77,3.22,4.43,1.54,1.33,1.78,0.9663951992988590
51,1,1.35,1.25,1.45,1.61,1.47,1.75,1.42,1.30,1.55,0.73,0.67,0.78,3.40,2.92,3.95,1.51,1.32,1.73,0.9601462483406070
52,1,1.31,1.22,1.41,1.57,1.45,1.71,1.41,1.29,1.53,0.71,0.66,0.76,2.87,2.48,3.31,1.54,1.35,1.75,0.9540454745292660
53,1,1.29,1.20,1.38,1.58,1.46,1.71,1.38,1.27,1.50,0.71,0.66,0.76,2.74,2.39,3.15,1.53,1.35,1.74,0.9497813582420350
54,1,1.28,1.19,1.37,1.52,1.41,1.64,1.38,1.27,1.50,0.70,0.65,0.75,2.54,2.22,2.90,1.55,1.37,1.76,0.9436746835708620
55,1,1.25,1.17,1.34,1.48,1.37,1.59,1.37,1.26,1.48,0.76,0.71,0.81,2.49,2.19,2.83,1.51,1.34,1.71,0.9379813671112060
56,1,1.20,1.12,1.28,1.47,1.37,1.58,1.32,1.22,1.43,0.76,0.71,0.82,2.45,2.16,2.77,1.44,1.27,1.62,0.933078408241272
57,1,1.25,1.17,1.33,1.43,1.33,1.53,1.29,1.19,1.39,0.76,0.71,0.81,2.35,2.09,2.64,1.42,1.26,1.60,0.926396369934082
58,1,1.22,1.15,1.30,1.39,1.30,1.49,1.32,1.23,1.43,0.79,0.74,0.84,2.15,1.91,2.41,1.55,1.38,1.73,0.9215999245643620
59,1,1.20,1.13,1.28,1.41,1.31,1.50,1.29,1.19,1.39,0.80,0.75,0.85,2.07,1.85,2.32,1.42,1.27,1.60,0.9159402251243590
60,1,1.20,1.13,1.28,1.38,1.29,1.47,1.31,1.22,1.41,0.77,0.72,0.81,2.13,1.91,2.37,1.37,1.23,1.54,0.9118493795394900
61,1,1.23,1.15,1.30,1.35,1.27,1.44,1.26,1.17,1.35,0.80,0.76,0.85,1.97,1.77,2.20,1.37,1.23,1.53,0.9012576341629030
62,1,1.19,1.12,1.26,1.34,1.26,1.43,1.27,1.18,1.37,0.81,0.77,0.86,1.91,1.71,2.13,1.34,1.19,1.49,0.8932825922966000
63,1,1.20,1.13,1.27,1.40,1.31,1.49,1.26,1.17,1.36,0.80,0.76,0.85,1.94,1.74,2.16,1.34,1.20,1.50,0.8900107741355900
64,1,1.23,1.16,1.30,1.38,1.30,1.48,1.31,1.22,1.41,0.82,0.77,0.86,1.88,1.69,2.10,1.38,1.24,1.54,0.8812214732170110
65,1,1.17,1.10,1.24,1.40,1.31,1.49,1.30,1.21,1.40,0.84,0.79,0.88,1.81,1.63,2.02,1.44,1.29,1.60,0.8741056323051450
66,1,1.13,1.06,1.20,1.43,1.34,1.52,1.30,1.21,1.40,0.85,0.81,0.90,1.82,1.63,2.03,1.37,1.23,1.53,0.8669084906578060
67,1,1.08,1.02,1.15,1.44,1.35,1.53,1.26,1.17,1.36,0.84,0.79,0.89,1.63,1.46,1.82,1.28,1.14,1.42,0.8489197492599490
68,1,1.09,1.02,1.16,1.46,1.37,1.56,1.28,1.19,1.38,0.83,0.79,0.88,1.66,1.49,1.86,1.23,1.11,1.37,0.8395515084266660
69,1,1.09,1.03,1.16,1.39,1.31,1.48,1.21,1.12,1.30,0.86,0.81,0.90,1.65,1.47,1.85,1.25,1.12,1.39,0.8250192999839780
70,1,1.10,1.04,1.17,1.41,1.32,1.50,1.23,1.13,1.33,0.90,0.85,0.95,1.67,1.49,1.88,1.24,1.11,1.38,0.8175824880599980
71,1,1.07,1.00,1.14,1.38,1.30,1.48,1.24,1.14,1.34,0.88,0.84,0.94,1.59,1.41,1.79,1.22,1.09,1.36,0.800990879535675
72,1,1.13,1.06,1.21,1.33,1.24,1.42,1.22,1.13,1.33,0.90,0.85,0.95,1.54,1.36,1.74,1.23,1.11,1.37,0.7837995290756230
73,1,1.10,1.03,1.17,1.29,1.21,1.38,1.18,1.09,1.28,0.93,0.88,0.98,1.52,1.34,1.72,1.25,1.13,1.39,0.7648047208786010
74,1,1.08,1.02,1.15,1.31,1.23,1.40,1.11,1.02,1.20,0.94,0.89,0.99,1.52,1.34,1.72,1.18,1.06,1.31,0.7471139430999760
75,1,1.07,1.01,1.14,1.29,1.21,1.38,1.13,1.04,1.23,0.91,0.86,0.96,1.42,1.25,1.61,1.21,1.09,1.34,0.7275493741035460
76,1,1.05,0.99,1.12,1.38,1.29,1.47,1.09,1.01,1.19,0.92,0.87,0.98,1.47,1.29,1.67,1.16,1.04,1.28,0.7211282849311830
77,1,1.05,0.99,1.12,1.37,1.28,1.47,1.06,0.98,1.15,0.92,0.87,0.97,1.50,1.32,1.71,1.21,1.09,1.35,0.7058944702148440
78,1,1.03,0.96,1.09,1.40,1.31,1.50,1.09,1.00,1.18,0.91,0.87,0.97,1.50,1.31,1.71,1.34,1.21,1.48,0.6946826577186580
79,1,1.00,0.94,1.07,1.36,1.27,1.46,1.07,0.99,1.16,0.93,0.88,0.99,1.58,1.38,1.81,1.27,1.15,1.41,0.6801729202270510
80,1,1.03,0.96,1.10,1.40,1.31,1.50,1.03,0.95,1.13,0.95,0.90,1.01,1.54,1.34,1.76,1.30,1.18,1.44,0.6711850166320800
81,1,1.02,0.95,1.09,1.40,1.30,1.51,1.04,0.96,1.14,0.96,0.90,1.02,1.44,1.24,1.66,1.25,1.12,1.39,0.6545630693435670
82,1,0.99,0.93,1.06,1.40,1.30,1.51,1.07,0.98,1.17,0.95,0.89,1.01,1.31,1.12,1.53,1.30,1.17,1.44,0.6368807554245000
83,1,1.01,0.94,1.09,1.34,1.24,1.45,1.00,0.91,1.09,0.97,0.91,1.03,1.13,0.95,1.35,1.22,1.09,1.36,0.6028262376785280
84,1,1.04,0.97,1.11,1.30,1.20,1.41,1.00,0.91,1.09,0.98,0.92,1.04,1.06,0.88,1.27,1.24,1.11,1.39,0.5724427700042730
85,1,1.01,0.94,1.09,1.34,1.22,1.46,0.95,0.87,1.05,0.97,0.91,1.03,1.11,0.91,1.34,1.13,0.99,1.28,0.5490654110908510
40,2,1.74,1.48,2.06,1.88,1.57,2.24,1.27,0.99,1.61,0.59,0.46,0.76,2.90,2.00,4.19,1.92,1.46,2.53,0.9886478185653690
41,2,1.57,1.35,1.84,1.90,1.60,2.25,1.46,1.19,1.80,0.67,0.53,0.84,2.90,2.04,4.11,2.39,1.88,3.04,0.9881198406219480
42,2,1.59,1.38,1.83,1.81,1.55,2.12,1.48,1.23,1.78,0.69,0.57,0.82,3.24,2.34,4.48,2.21,1.76,2.79,0.9879480004310610
43,2,1.57,1.38,1.78,1.81,1.56,2.09,1.58,1.33,1.87,0.71,0.60,0.84,3.35,2.47,4.54,2.14,1.72,2.66,0.9866101741790770
44,2,1.51,1.33,1.70,1.89,1.65,2.17,1.52,1.30,1.78,0.69,0.58,0.81,3.25,2.44,4.33,1.93,1.56,2.39,0.9860725998878480
45,2,1.48,1.32,1.66,1.97,1.72,2.24,1.55,1.34,1.79,0.71,0.61,0.82,2.85,2.17,3.75,2.08,1.70,2.55,0.9847745895385740
46,2,1.39,1.25,1.56,2.10,1.86,2.37,1.49,1.30,1.71,0.63,0.55,0.73,2.63,2.02,3.42,1.87,1.54,2.28,0.9843513965606690
47,2,1.41,1.27,1.56,2.00,1.78,2.25,1.43,1.26,1.63,0.70,0.62,0.79,2.87,2.24,3.67,1.78,1.47,2.16,0.9833804368972780
48,2,1.41,1.28,1.56,1.88,1.68,2.10,1.48,1.30,1.68,0.67,0.60,0.75,2.76,2.18,3.50,1.72,1.42,2.09,0.9819034934043880
49,2,1.39,1.27,1.54,1.83,1.64,2.03,1.39,1.23,1.57,0.74,0.66,0.83,2.94,2.34,3.68,1.65,1.36,1.99,0.9810684323310850
50,2,1.35,1.23,1.48,1.99,1.80,2.20,1.33,1.18,1.50,0.74,0.66,0.82,2.79,2.25,3.47,1.65,1.38,1.98,0.9797161817550660
51,2,1.32,1.21,1.44,1.93,1.75,2.13,1.26,1.12,1.41,0.83,0.75,0.91,3.37,2.73,4.17,1.54,1.29,1.85,0.981090784072876
52,2,1.32,1.21,1.44,1.83,1.66,2.01,1.22,1.09,1.37,0.82,0.75,0.90,3.32,2.70,4.07,1.48,1.24,1.77,0.9787102341651920
53,2,1.30,1.19,1.42,1.76,1.60,1.93,1.18,1.06,1.32,0.82,0.75,0.90,3.23,2.65,3.95,1.63,1.37,1.94,0.9763537645339970
54,2,1.22,1.12,1.34,1.70,1.55,1.87,1.16,1.04,1.30,0.87,0.79,0.95,3.65,3.00,4.43,1.61,1.36,1.92,0.9766212701797490
55,2,1.23,1.13,1.34,1.66,1.52,1.82,1.18,1.06,1.32,0.83,0.76,0.90,3.41,2.83,4.12,1.57,1.33,1.86,0.9741009473800660
56,2,1.25,1.15,1.36,1.55,1.42,1.69,1.17,1.06,1.30,0.88,0.81,0.96,3.41,2.83,4.11,1.56,1.32,1.85,0.9724260568618770
57,2,1.22,1.13,1.33,1.63,1.50,1.78,1.22,1.10,1.35,0.88,0.81,0.95,2.95,2.47,3.51,1.75,1.50,2.05,0.9708572626113890
58,2,1.27,1.18,1.38,1.59,1.47,1.73,1.22,1.10,1.35,0.89,0.82,0.96,2.95,2.50,3.49,1.83,1.58,2.13,0.9686700701713560
59,2,1.27,1.17,1.37,1.56,1.44,1.69,1.18,1.07,1.30,0.89,0.82,0.96,2.63,2.23,3.10,1.64,1.40,1.91,0.9637249708175660
60,2,1.28,1.18,1.38,1.55,1.43,1.68,1.07,0.98,1.18,0.89,0.82,0.95,2.56,2.19,3.00,1.59,1.37,1.85,0.9578750133514400
61,2,1.20,1.11,1.29,1.58,1.46,1.70,1.07,0.98,1.17,0.87,0.81,0.93,2.38,2.04,2.77,1.52,1.31,1.77,0.9525096416473390
62,2,1.20,1.11,1.29,1.54,1.43,1.66,1.13,1.04,1.24,0.87,0.81,0.93,2.32,2.00,2.69,1.55,1.34,1.79,0.9487776756286620
63,2,1.19,1.10,1.28,1.55,1.44,1.67,1.17,1.07,1.28,0.83,0.77,0.88,2.16,1.86,2.50,1.62,1.41,1.87,0.9458015561103820
64,2,1.19,1.10,1.28,1.55,1.44,1.66,1.17,1.08,1.28,0.80,0.75,0.86,2.21,1.91,2.56,1.65,1.44,1.89,0.9416434764862060
65,2,1.17,1.08,1.25,1.54,1.43,1.65,1.13,1.03,1.23,0.82,0.77,0.88,2.07,1.80,2.39,1.49,1.30,1.71,0.933347761631012
66,2,1.18,1.10,1.27,1.49,1.38,1.60,1.12,1.03,1.22,0.84,0.78,0.89,2.03,1.76,2.34,1.42,1.24,1.63,0.9254228472709660
67,2,1.16,1.08,1.25,1.47,1.37,1.58,1.06,0.98,1.14,0.84,0.79,0.89,2.03,1.76,2.33,1.44,1.26,1.63,0.9162881374359130
68,2,1.11,1.04,1.20,1.50,1.40,1.61,1.07,0.99,1.16,0.86,0.81,0.92,2.02,1.76,2.33,1.50,1.32,1.69,0.9110643863677980
69,2,1.13,1.05,1.21,1.46,1.37,1.57,1.01,0.94,1.10,0.88,0.83,0.94,2.03,1.76,2.33,1.46,1.30,1.65,0.898237407207489
70,2,1.12,1.05,1.21,1.43,1.33,1.53,1.01,0.94,1.09,0.88,0.83,0.93,2.04,1.78,2.34,1.40,1.24,1.57,0.8861860632896420
71,2,1.09,1.01,1.17,1.50,1.40,1.61,1.02,0.95,1.10,0.84,0.79,0.89,2.01,1.75,2.31,1.37,1.21,1.54,0.8803744912147520
72,2,1.07,1.00,1.15,1.48,1.39,1.59,1.06,0.98,1.15,0.83,0.78,0.88,2.12,1.84,2.43,1.37,1.22,1.54,0.8737111687660220
73,2,1.04,0.97,1.12,1.45,1.35,1.55,1.11,1.03,1.20,0.82,0.77,0.86,1.93,1.68,2.22,1.31,1.16,1.47,0.8604155778884890
74,2,1.07,1.00,1.15,1.49,1.39,1.59,1.17,1.09,1.26,0.80,0.76,0.85,1.86,1.62,2.15,1.26,1.12,1.42,0.8563329577445980
75,2,1.09,1.01,1.16,1.52,1.42,1.63,1.14,1.06,1.23,0.80,0.76,0.85,1.68,1.46,1.95,1.30,1.16,1.46,0.8383996486663820
76,2,1.07,1.00,1.14,1.48,1.39,1.58,1.12,1.04,1.21,0.84,0.79,0.88,1.77,1.54,2.04,1.37,1.23,1.53,0.8312981128692630
77,2,1.07,1.00,1.14,1.45,1.36,1.55,1.05,0.98,1.13,0.86,0.82,0.91,1.58,1.37,1.82,1.30,1.16,1.44,0.8080054521560670
78,2,1.12,1.05,1.19,1.45,1.36,1.55,1.08,1.01,1.16,0.88,0.83,0.93,1.62,1.40,1.86,1.45,1.30,1.61,0.8022682070732120
79,2,1.11,1.04,1.18,1.42,1.33,1.52,1.06,0.99,1.14,0.89,0.84,0.94,1.62,1.40,1.87,1.32,1.19,1.47,0.7839938402175900
80,2,1.10,1.03,1.17,1.45,1.35,1.55,1.07,0.99,1.14,0.87,0.83,0.92,1.66,1.44,1.91,1.25,1.12,1.39,0.7727220058441160
81,2,1.06,0.99,1.13,1.51,1.41,1.62,1.04,0.97,1.11,0.87,0.82,0.91,1.52,1.31,1.77,1.25,1.12,1.39,0.7584311366081240
82,2,1.03,0.97,1.10,1.55,1.45,1.67,1.01,0.94,1.09,0.88,0.84,0.94,1.40,1.20,1.63,1.18,1.06,1.31,0.7402626872062680
83,2,1.02,0.95,1.08,1.51,1.40,1.62,1.02,0.95,1.09,0.90,0.85,0.95,1.53,1.32,1.78,1.18,1.06,1.32,0.7186500430107120
84,2,0.98,0.92,1.04,1.56,1.45,1.68,1.01,0.94,1.09,0.90,0.85,0.95,1.51,1.29,1.76,1.14,1.02,1.27,0.7024902701377870
85,2,1.00,0.94,1.06,1.54,1.42,1.67,0.98,0.91,1.06,0.88,0.83,0.93,1.46,1.23,1.73,1.02,0.90,1.15,0.6755483746528630